params,strict_success,loose_success,avg_sim_success,avg_steps
"{'lr': 0.001, 'gamma': 0.1, 'batch_size': 64, 'hidden_dim': 256}",0.2813299232736573,0.3205456095481671,0.7251583184604633,1.0
"{'lr': 0.001, 'gamma': 0.1, 'batch_size': 64, 'hidden_dim': 512}",0.28218243819266836,0.32310315430520037,0.7280056876443962,1.0
"{'lr': 0.001, 'gamma': 0.1, 'batch_size': 64, 'hidden_dim': 1024}",0.2872975277067349,0.31287297527706737,0.7434814425484583,1.0
"{'lr': 0.001, 'gamma': 0.1, 'batch_size': 64, 'hidden_dim': 2048}",0.236999147485081,0.257459505541347,0.7490538324175651,1.0
"{'lr': 0.001, 'gamma': 0.1, 'batch_size': 128, 'hidden_dim': 256}",0.28218243819266836,0.3069053708439898,0.7418055351410053,1.0
"{'lr': 0.001, 'gamma': 0.1, 'batch_size': 128, 'hidden_dim': 512}",0.2591645353793691,0.289002557544757,0.7362865525994177,1.0
"{'lr': 0.001, 'gamma': 0.1, 'batch_size': 128, 'hidden_dim': 1024}",0.3009377664109122,0.3316283034953112,0.7361226859639778,1.0
"{'lr': 0.001, 'gamma': 0.1, 'batch_size': 128, 'hidden_dim': 2048}",0.2898550724637681,0.319693094629156,0.73544976076151,1.0
"{'lr': 0.001, 'gamma': 0.1, 'batch_size': 256, 'hidden_dim': 256}",0.21483375959079284,0.226768968456948,0.7545211820650413,1.0
"{'lr': 0.001, 'gamma': 0.1, 'batch_size': 256, 'hidden_dim': 512}",0.21994884910485935,0.23785166240409208,0.749375195493123,1.0
"{'lr': 0.001, 'gamma': 0.1, 'batch_size': 256, 'hidden_dim': 1024}",0.25404944586530265,0.2770673486786019,0.7465458945591098,1.0
"{'lr': 0.001, 'gamma': 0.1, 'batch_size': 256, 'hidden_dim': 2048}",0.2361466325660699,0.24978687127024723,0.7549491428412459,1.0
"{'lr': 0.001, 'gamma': 0.5, 'batch_size': 64, 'hidden_dim': 256}",0.25831202046035806,0.2796248934356351,0.7546651534997351,1.0
"{'lr': 0.001, 'gamma': 0.5, 'batch_size': 64, 'hidden_dim': 512}",0.28815004262574595,0.32395566922421143,0.7355913918233086,1.0
"{'lr': 0.001, 'gamma': 0.5, 'batch_size': 64, 'hidden_dim': 1024}",0.26427962489343565,0.2966751918158568,0.7375184583863673,1.0
"{'lr': 0.001, 'gamma': 0.5, 'batch_size': 64, 'hidden_dim': 2048}",0.309462915601023,0.3393009377664109,0.7321566888216592,1.0
"{'lr': 0.001, 'gamma': 0.5, 'batch_size': 128, 'hidden_dim': 256}",0.2566069906223359,0.27791986359761295,0.7525061503111912,1.0
"{'lr': 0.001, 'gamma': 0.5, 'batch_size': 128, 'hidden_dim': 512}",0.2872975277067349,0.3154305200341006,0.7360518569253385,1.0
"{'lr': 0.001, 'gamma': 0.5, 'batch_size': 128, 'hidden_dim': 1024}",0.2872975277067349,0.31628303495311166,0.7388143472665402,1.0
"{'lr': 0.001, 'gamma': 0.5, 'batch_size': 128, 'hidden_dim': 2048}",0.2693947144075021,0.3009377664109122,0.7373977887824863,1.0
"{'lr': 0.001, 'gamma': 0.5, 'batch_size': 256, 'hidden_dim': 256}",0.21824381926683717,0.23955669224211423,0.7476657206130887,1.0
"{'lr': 0.001, 'gamma': 0.5, 'batch_size': 256, 'hidden_dim': 512}",0.27450980392156865,0.3009377664109122,0.7399698329179314,1.0
"{'lr': 0.001, 'gamma': 0.5, 'batch_size': 256, 'hidden_dim': 1024}",0.21568627450980393,0.23785166240409208,0.7364542238123,1.0
"{'lr': 0.001, 'gamma': 0.5, 'batch_size': 256, 'hidden_dim': 2048}",0.2710997442455243,0.2907075873827792,0.7493158748093176,1.0
"{'lr': 0.001, 'gamma': 0.9, 'batch_size': 64, 'hidden_dim': 256}",0.22847399829497017,0.24552429667519182,0.7513915930834889,1.0
"{'lr': 0.001, 'gamma': 0.9, 'batch_size': 64, 'hidden_dim': 512}",0.30434782608695654,0.3358908780903666,0.7434465919469733,1.0
"{'lr': 0.001, 'gamma': 0.9, 'batch_size': 64, 'hidden_dim': 1024}",0.26342710997442453,0.28218243819266836,0.7511935660799738,1.0
"{'lr': 0.001, 'gamma': 0.9, 'batch_size': 64, 'hidden_dim': 2048}",0.23358908780903667,0.26427962489343565,0.7256131687490516,1.0
"{'lr': 0.001, 'gamma': 0.9, 'batch_size': 128, 'hidden_dim': 256}",0.30264279624893436,0.32651321398124467,0.7442268992159634,1.0
"{'lr': 0.001, 'gamma': 0.9, 'batch_size': 128, 'hidden_dim': 512}",0.27621483375959077,0.309462915601023,0.7336848676604656,1.0
"{'lr': 0.001, 'gamma': 0.9, 'batch_size': 128, 'hidden_dim': 1024}",0.2728047740835465,0.3103154305200341,0.7259727504812771,1.0
"{'lr': 0.001, 'gamma': 0.9, 'batch_size': 128, 'hidden_dim': 2048}",0.2710997442455243,0.2949701619778346,0.7406008576336627,1.0
"{'lr': 0.001, 'gamma': 0.9, 'batch_size': 256, 'hidden_dim': 256}",0.20034100596760443,0.21824381926683717,0.7551104790599028,1.0
"{'lr': 0.001, 'gamma': 0.9, 'batch_size': 256, 'hidden_dim': 512}",0.2608695652173913,0.28388746803069054,0.74023277769171,1.0
"{'lr': 0.001, 'gamma': 0.9, 'batch_size': 256, 'hidden_dim': 1024}",0.24552429667519182,0.2813299232736573,0.7283613976259399,1.0
"{'lr': 0.001, 'gamma': 0.9, 'batch_size': 256, 'hidden_dim': 2048}",0.2310315430520034,0.25234441602728047,0.7436082709086107,1.0
"{'lr': 0.001, 'gamma': 0.99, 'batch_size': 64, 'hidden_dim': 256}",0.26342710997442453,0.3034953111679454,0.7217809354454344,1.0
"{'lr': 0.001, 'gamma': 0.99, 'batch_size': 64, 'hidden_dim': 512}",0.30605285592497866,0.33674339300937767,0.7346101697392466,1.0
"{'lr': 0.001, 'gamma': 0.99, 'batch_size': 64, 'hidden_dim': 1024}",0.26768968456947995,0.29838022165387895,0.7356524143412058,1.0
"{'lr': 0.001, 'gamma': 0.99, 'batch_size': 64, 'hidden_dim': 2048}",0.28388746803069054,0.3145780051150895,0.7374862842139364,1.0
"{'lr': 0.001, 'gamma': 0.99, 'batch_size': 128, 'hidden_dim': 256}",0.27791986359761295,0.309462915601023,0.7343366892317191,1.0
"{'lr': 0.001, 'gamma': 0.99, 'batch_size': 128, 'hidden_dim': 512}",0.29752770673486784,0.3358908780903666,0.7268941356744583,1.0
"{'lr': 0.001, 'gamma': 0.99, 'batch_size': 128, 'hidden_dim': 1024}",0.2693947144075021,0.2847399829497016,0.7467183415303652,1.0
"{'lr': 0.001, 'gamma': 0.99, 'batch_size': 128, 'hidden_dim': 2048}",0.20630861040068202,0.22762148337595908,0.7506796619813815,1.0
"{'lr': 0.001, 'gamma': 0.99, 'batch_size': 256, 'hidden_dim': 256}",0.21909633418584826,0.23273657289002558,0.7552200880309955,1.0
"{'lr': 0.001, 'gamma': 0.99, 'batch_size': 256, 'hidden_dim': 512}",0.2557544757033248,0.27877237851662406,0.7428425179001229,1.0
"{'lr': 0.001, 'gamma': 0.99, 'batch_size': 256, 'hidden_dim': 1024}",0.21568627450980393,0.2318840579710145,0.7543065669979008,1.0
"{'lr': 0.001, 'gamma': 0.99, 'batch_size': 256, 'hidden_dim': 2048}",0.2728047740835465,0.3034953111679454,0.739663502455935,1.0
"{'lr': 0.0003, 'gamma': 0.1, 'batch_size': 64, 'hidden_dim': 256}",0.19437340153452684,0.21227621483375958,0.7516570115871771,1.0
"{'lr': 0.0003, 'gamma': 0.1, 'batch_size': 64, 'hidden_dim': 512}",0.2796248934356351,0.3111679454390452,0.7351362524859139,1.0
"{'lr': 0.0003, 'gamma': 0.1, 'batch_size': 64, 'hidden_dim': 1024}",0.29923273657289,0.3358908780903666,0.7267377255866655,1.0
"{'lr': 0.0003, 'gamma': 0.1, 'batch_size': 64, 'hidden_dim': 2048}",0.30434782608695654,0.3350383631713555,0.7395662896187972,1.0
"{'lr': 0.0003, 'gamma': 0.1, 'batch_size': 128, 'hidden_dim': 256}",0.2753623188405797,0.309462915601023,0.7258623528004301,1.0
"{'lr': 0.0003, 'gamma': 0.1, 'batch_size': 128, 'hidden_dim': 512}",0.2932651321398124,0.329923273657289,0.7307944351155353,1.0
"{'lr': 0.0003, 'gamma': 0.1, 'batch_size': 128, 'hidden_dim': 1024}",0.27450980392156865,0.30264279624893436,0.7329700891978369,1.0
"{'lr': 0.0003, 'gamma': 0.1, 'batch_size': 128, 'hidden_dim': 2048}",0.2693947144075021,0.2966751918158568,0.7278950759613695,1.0
"{'lr': 0.0003, 'gamma': 0.1, 'batch_size': 256, 'hidden_dim': 256}",0.20545609548167093,0.22847399829497017,0.7463712371455494,1.0
"{'lr': 0.0003, 'gamma': 0.1, 'batch_size': 256, 'hidden_dim': 512}",0.28218243819266836,0.319693094629156,0.7295945738562584,1.0
"{'lr': 0.0003, 'gamma': 0.1, 'batch_size': 256, 'hidden_dim': 1024}",0.21057118499573743,0.2259164535379369,0.7580275264906284,1.0
"{'lr': 0.0003, 'gamma': 0.1, 'batch_size': 256, 'hidden_dim': 2048}",0.24893435635123615,0.2753623188405797,0.7372584263204431,1.0
"{'lr': 0.0003, 'gamma': 0.5, 'batch_size': 64, 'hidden_dim': 256}",0.16965046888320545,0.18329070758738278,0.7562478857970001,1.0
"{'lr': 0.0003, 'gamma': 0.5, 'batch_size': 64, 'hidden_dim': 512}",0.2830349531116795,0.3188405797101449,0.725555592352109,1.0
"{'lr': 0.0003, 'gamma': 0.5, 'batch_size': 64, 'hidden_dim': 1024}",0.2932651321398124,0.3273657289002558,0.7290593661769993,1.0
"{'lr': 0.0003, 'gamma': 0.5, 'batch_size': 64, 'hidden_dim': 2048}",0.2753623188405797,0.3009377664109122,0.7360048176724331,1.0
"{'lr': 0.0003, 'gamma': 0.5, 'batch_size': 128, 'hidden_dim': 256}",0.289002557544757,0.3248081841432225,0.7258274288890633,1.0
"{'lr': 0.0003, 'gamma': 0.5, 'batch_size': 128, 'hidden_dim': 512}",0.21909633418584826,0.23358908780903667,0.759957775127757,1.0
"{'lr': 0.0003, 'gamma': 0.5, 'batch_size': 128, 'hidden_dim': 1024}",0.23955669224211423,0.2625745950554135,0.7432932821281658,1.0
"{'lr': 0.0003, 'gamma': 0.5, 'batch_size': 128, 'hidden_dim': 2048}",0.27621483375959077,0.2958226768968457,0.7463982231736167,1.0
"{'lr': 0.0003, 'gamma': 0.5, 'batch_size': 256, 'hidden_dim': 256}",0.26768968456947995,0.30008525149190113,0.7295189508809866,1.0
"{'lr': 0.0003, 'gamma': 0.5, 'batch_size': 256, 'hidden_dim': 512}",0.25404944586530265,0.29241261722080136,0.7257606118495329,1.0
"{'lr': 0.0003, 'gamma': 0.5, 'batch_size': 256, 'hidden_dim': 1024}",0.2813299232736573,0.3052003410059676,0.7413452670729368,1.0
"{'lr': 0.0003, 'gamma': 0.5, 'batch_size': 256, 'hidden_dim': 2048}",0.24552429667519182,0.2651321398124467,0.745195789148701,1.0
"{'lr': 0.0003, 'gamma': 0.9, 'batch_size': 64, 'hidden_dim': 256}",0.25234441602728047,0.2813299232736573,0.7323193330588069,1.0
"{'lr': 0.0003, 'gamma': 0.9, 'batch_size': 64, 'hidden_dim': 512}",0.27024722932651324,0.30605285592497866,0.7288465377849594,1.0
"{'lr': 0.0003, 'gamma': 0.9, 'batch_size': 64, 'hidden_dim': 1024}",0.29752770673486784,0.33248081841432225,0.7309924503931639,1.0
"{'lr': 0.0003, 'gamma': 0.9, 'batch_size': 64, 'hidden_dim': 2048}",0.26427962489343565,0.2958226768968457,0.7393854722563842,1.0
"{'lr': 0.0003, 'gamma': 0.9, 'batch_size': 128, 'hidden_dim': 256}",0.28388746803069054,0.30861040068201195,0.738194527917583,1.0
"{'lr': 0.0003, 'gamma': 0.9, 'batch_size': 128, 'hidden_dim': 512}",0.309462915601023,0.3512361466325661,0.7296362207279663,1.0
"{'lr': 0.0003, 'gamma': 0.9, 'batch_size': 128, 'hidden_dim': 1024}",0.2728047740835465,0.30861040068201195,0.7240915605513386,1.0
"{'lr': 0.0003, 'gamma': 0.9, 'batch_size': 128, 'hidden_dim': 2048}",0.29411764705882354,0.32651321398124467,0.7296313679433231,1.0
"{'lr': 0.0003, 'gamma': 0.9, 'batch_size': 256, 'hidden_dim': 256}",0.2310315430520034,0.24978687127024723,0.745661489164472,1.0
"{'lr': 0.0003, 'gamma': 0.9, 'batch_size': 256, 'hidden_dim': 512}",0.24552429667519182,0.2668371696504689,0.7463002686676872,1.0
"{'lr': 0.0003, 'gamma': 0.9, 'batch_size': 256, 'hidden_dim': 1024}",0.22932651321398123,0.257459505541347,0.7292029187763919,1.0
"{'lr': 0.0003, 'gamma': 0.9, 'batch_size': 256, 'hidden_dim': 2048}",0.2770673486786019,0.2966751918158568,0.7378633543016098,1.0
"{'lr': 0.0003, 'gamma': 0.99, 'batch_size': 64, 'hidden_dim': 256}",0.19607843137254902,0.21057118499573743,0.752476283992004,1.0
"{'lr': 0.0003, 'gamma': 0.99, 'batch_size': 64, 'hidden_dim': 512}",0.2753623188405797,0.30008525149190113,0.742970770907003,1.0
"{'lr': 0.0003, 'gamma': 0.99, 'batch_size': 64, 'hidden_dim': 1024}",0.24893435635123615,0.2813299232736573,0.7347349613628084,1.0
"{'lr': 0.0003, 'gamma': 0.99, 'batch_size': 64, 'hidden_dim': 2048}",0.27024722932651324,0.30179028132992325,0.7275917625225123,1.0
"{'lr': 0.0003, 'gamma': 0.99, 'batch_size': 128, 'hidden_dim': 256}",0.2966751918158568,0.3358908780903666,0.7258361033517483,1.0
"{'lr': 0.0003, 'gamma': 0.99, 'batch_size': 128, 'hidden_dim': 512}",0.3069053708439898,0.34867860187553285,0.7215565161669254,1.0
"{'lr': 0.0003, 'gamma': 0.99, 'batch_size': 128, 'hidden_dim': 1024}",0.26768968456947995,0.2966751918158568,0.7341064946320301,1.0
"{'lr': 0.0003, 'gamma': 0.99, 'batch_size': 128, 'hidden_dim': 2048}",0.25234441602728047,0.2753623188405797,0.7492448454105067,1.0
"{'lr': 0.0003, 'gamma': 0.99, 'batch_size': 256, 'hidden_dim': 256}",0.2770673486786019,0.31287297527706737,0.7234203564951054,1.0
"{'lr': 0.0003, 'gamma': 0.99, 'batch_size': 256, 'hidden_dim': 512}",0.2463768115942029,0.2668371696504689,0.7443592025527759,1.0
"{'lr': 0.0003, 'gamma': 0.99, 'batch_size': 256, 'hidden_dim': 1024}",0.23273657289002558,0.2531969309462916,0.7463643056460825,1.0
"{'lr': 0.0003, 'gamma': 0.99, 'batch_size': 256, 'hidden_dim': 2048}",0.19948849104859334,0.21909633418584826,0.7581410023363842,1.0
"{'lr': 0.0005, 'gamma': 0.1, 'batch_size': 64, 'hidden_dim': 256}",0.2898550724637681,0.33248081841432225,0.72091143780072,1.0
"{'lr': 0.0005, 'gamma': 0.1, 'batch_size': 64, 'hidden_dim': 512}",0.29241261722080136,0.32651321398124467,0.7290137293522778,1.0
"{'lr': 0.0005, 'gamma': 0.1, 'batch_size': 64, 'hidden_dim': 1024}",0.289002557544757,0.31202046035805625,0.7356836137486217,1.0
"{'lr': 0.0005, 'gamma': 0.1, 'batch_size': 64, 'hidden_dim': 2048}",0.27365728900255754,0.3103154305200341,0.7272191889254227,1.0
"{'lr': 0.0005, 'gamma': 0.1, 'batch_size': 128, 'hidden_dim': 256}",0.22847399829497017,0.2549019607843137,0.7364470145533731,1.0
"{'lr': 0.0005, 'gamma': 0.1, 'batch_size': 128, 'hidden_dim': 512}",0.2855924978687127,0.3188405797101449,0.7266976246714145,1.0
"{'lr': 0.0005, 'gamma': 0.1, 'batch_size': 128, 'hidden_dim': 1024}",0.26001705029838024,0.2872975277067349,0.739902331870691,1.0
"{'lr': 0.0005, 'gamma': 0.1, 'batch_size': 128, 'hidden_dim': 2048}",0.29241261722080136,0.3248081841432225,0.7362871368995318,1.0
"{'lr': 0.0005, 'gamma': 0.1, 'batch_size': 256, 'hidden_dim': 256}",0.2847399829497016,0.30861040068201195,0.7418741674367261,1.0
"{'lr': 0.0005, 'gamma': 0.1, 'batch_size': 256, 'hidden_dim': 512}",0.29838022165387895,0.3375959079283887,0.7311368345576044,1.0
"{'lr': 0.0005, 'gamma': 0.1, 'batch_size': 256, 'hidden_dim': 1024}",0.2318840579710145,0.24381926683716965,0.7567199844517557,1.0
"{'lr': 0.0005, 'gamma': 0.1, 'batch_size': 256, 'hidden_dim': 2048}",0.25831202046035806,0.2855924978687127,0.7322940543001991,1.0
"{'lr': 0.0005, 'gamma': 0.5, 'batch_size': 64, 'hidden_dim': 256}",0.2898550724637681,0.3205456095481671,0.7332365868387684,1.0
"{'lr': 0.0005, 'gamma': 0.5, 'batch_size': 64, 'hidden_dim': 512}",0.32225063938618925,0.36061381074168797,0.7313745831263813,1.0
"{'lr': 0.0005, 'gamma': 0.5, 'batch_size': 64, 'hidden_dim': 1024}",0.2566069906223359,0.2804774083546462,0.7470571747294326,1.0
"{'lr': 0.0005, 'gamma': 0.5, 'batch_size': 64, 'hidden_dim': 2048}",0.2813299232736573,0.31287297527706737,0.7342556458649202,1.0
"{'lr': 0.0005, 'gamma': 0.5, 'batch_size': 128, 'hidden_dim': 256}",0.3052003410059676,0.33844842284739984,0.7320225338665354,1.0
"{'lr': 0.0005, 'gamma': 0.5, 'batch_size': 128, 'hidden_dim': 512}",0.24893435635123615,0.2693947144075021,0.7462859003844587,1.0
"{'lr': 0.0005, 'gamma': 0.5, 'batch_size': 128, 'hidden_dim': 1024}",0.2668371696504689,0.2898550724637681,0.7403589198003394,1.0
"{'lr': 0.0005, 'gamma': 0.5, 'batch_size': 128, 'hidden_dim': 2048}",0.26427962489343565,0.29752770673486784,0.7333033513590306,1.0
"{'lr': 0.0005, 'gamma': 0.5, 'batch_size': 256, 'hidden_dim': 256}",0.2668371696504689,0.29923273657289,0.731264825254856,1.0
"{'lr': 0.0005, 'gamma': 0.5, 'batch_size': 256, 'hidden_dim': 512}",0.2693947144075021,0.3052003410059676,0.7368702630434449,1.0
"{'lr': 0.0005, 'gamma': 0.5, 'batch_size': 256, 'hidden_dim': 1024}",0.28218243819266836,0.3188405797101449,0.7281840360998513,1.0
"{'lr': 0.0005, 'gamma': 0.5, 'batch_size': 256, 'hidden_dim': 2048}",0.2557544757033248,0.2830349531116795,0.7372553391287795,1.0
"{'lr': 0.0005, 'gamma': 0.9, 'batch_size': 64, 'hidden_dim': 256}",0.31628303495311166,0.35805626598465473,0.7298079364865449,1.0
"{'lr': 0.0005, 'gamma': 0.9, 'batch_size': 64, 'hidden_dim': 512}",0.289002557544757,0.3188405797101449,0.7396107633137513,1.0
"{'lr': 0.0005, 'gamma': 0.9, 'batch_size': 64, 'hidden_dim': 1024}",0.2770673486786019,0.3188405797101449,0.7199266011288269,1.0
"{'lr': 0.0005, 'gamma': 0.9, 'batch_size': 64, 'hidden_dim': 2048}",0.2557544757033248,0.2796248934356351,0.7422759915885938,1.0
"{'lr': 0.0005, 'gamma': 0.9, 'batch_size': 128, 'hidden_dim': 256}",0.30179028132992325,0.34271099744245526,0.7277396940540193,1.0
"{'lr': 0.0005, 'gamma': 0.9, 'batch_size': 128, 'hidden_dim': 512}",0.22335890878090367,0.2421142369991475,0.7543560282486941,1.0
"{'lr': 0.0005, 'gamma': 0.9, 'batch_size': 128, 'hidden_dim': 1024}",0.27877237851662406,0.30861040068201195,0.7366613094307203,1.0
"{'lr': 0.0005, 'gamma': 0.9, 'batch_size': 128, 'hidden_dim': 2048}",0.2770673486786019,0.30605285592497866,0.7355911947354933,1.0
"{'lr': 0.0005, 'gamma': 0.9, 'batch_size': 256, 'hidden_dim': 256}",0.30008525149190113,0.3256606990622336,0.7350631573349947,1.0
"{'lr': 0.0005, 'gamma': 0.9, 'batch_size': 256, 'hidden_dim': 512}",0.27791986359761295,0.3111679454390452,0.731466315561523,1.0
"{'lr': 0.0005, 'gamma': 0.9, 'batch_size': 256, 'hidden_dim': 1024}",0.23870417732310314,0.25831202046035806,0.7507541121293174,1.0
"{'lr': 0.0005, 'gamma': 0.9, 'batch_size': 256, 'hidden_dim': 2048}",0.2566069906223359,0.2813299232736573,0.7387909716324711,1.0
"{'lr': 0.0005, 'gamma': 0.99, 'batch_size': 64, 'hidden_dim': 256}",0.28815004262574595,0.3307757885763001,0.7220479843137609,1.0
"{'lr': 0.0005, 'gamma': 0.99, 'batch_size': 64, 'hidden_dim': 512}",0.3052003410059676,0.32651321398124467,0.7400492982575422,1.0
"{'lr': 0.0005, 'gamma': 0.99, 'batch_size': 64, 'hidden_dim': 1024}",0.2710997442455243,0.29838022165387895,0.7384311380976202,1.0
"{'lr': 0.0005, 'gamma': 0.99, 'batch_size': 64, 'hidden_dim': 2048}",0.2898550724637681,0.3213981244671782,0.7356351765344848,1.0
"{'lr': 0.0005, 'gamma': 0.99, 'batch_size': 128, 'hidden_dim': 256}",0.23273657289002558,0.2557544757033248,0.7514927010280835,1.0
"{'lr': 0.0005, 'gamma': 0.99, 'batch_size': 128, 'hidden_dim': 512}",0.2915601023017903,0.3188405797101449,0.7364298882747334,1.0
"{'lr': 0.0005, 'gamma': 0.99, 'batch_size': 128, 'hidden_dim': 1024}",0.2915601023017903,0.3248081841432225,0.7318554574801018,1.0
"{'lr': 0.0005, 'gamma': 0.99, 'batch_size': 128, 'hidden_dim': 2048}",0.28388746803069054,0.3111679454390452,0.736843224031055,1.0
"{'lr': 0.0005, 'gamma': 0.99, 'batch_size': 256, 'hidden_dim': 256}",0.26427962489343565,0.2932651321398124,0.7359594105042897,1.0
"{'lr': 0.0005, 'gamma': 0.99, 'batch_size': 256, 'hidden_dim': 512}",0.23870417732310314,0.25404944586530265,0.7513129166371848,1.0
"{'lr': 0.0005, 'gamma': 0.99, 'batch_size': 256, 'hidden_dim': 1024}",0.26001705029838024,0.2847399829497016,0.73897112442512,1.0
"{'lr': 0.0005, 'gamma': 0.99, 'batch_size': 256, 'hidden_dim': 2048}",0.2506393861892583,0.27877237851662406,0.7319428227943374,1.0
"{'lr': 0.0001, 'gamma': 0.1, 'batch_size': 64, 'hidden_dim': 256}",0.21227621483375958,0.22421142369991476,0.7602289954764444,1.0
"{'lr': 0.0001, 'gamma': 0.1, 'batch_size': 64, 'hidden_dim': 512}",0.26001705029838024,0.2932651321398124,0.7264739271052306,1.0
"{'lr': 0.0001, 'gamma': 0.1, 'batch_size': 64, 'hidden_dim': 1024}",0.26768968456947995,0.30775788576300084,0.7254986565132447,1.0
"{'lr': 0.0001, 'gamma': 0.1, 'batch_size': 64, 'hidden_dim': 2048}",0.26427962489343565,0.2949701619778346,0.7237879452543687,1.0
"{'lr': 0.0001, 'gamma': 0.1, 'batch_size': 128, 'hidden_dim': 256}",0.23444160272804773,0.2608695652173913,0.7437013676858695,1.0
"{'lr': 0.0001, 'gamma': 0.1, 'batch_size': 128, 'hidden_dim': 512}",0.22335890878090367,0.24296675191815856,0.7397122509028377,1.0
"{'lr': 0.0001, 'gamma': 0.1, 'batch_size': 128, 'hidden_dim': 1024}",0.2421142369991475,0.27791986359761295,0.7281047794131553,1.0
"{'lr': 0.0001, 'gamma': 0.1, 'batch_size': 128, 'hidden_dim': 2048}",0.21994884910485935,0.23955669224211423,0.7511788818827082,1.0
"{'lr': 0.0001, 'gamma': 0.1, 'batch_size': 256, 'hidden_dim': 256}",0.2318840579710145,0.2591645353793691,0.740584865459277,1.0
"{'lr': 0.0001, 'gamma': 0.1, 'batch_size': 256, 'hidden_dim': 512}",0.2028985507246377,0.22250639386189258,0.7509216437994318,1.0
"{'lr': 0.0001, 'gamma': 0.1, 'batch_size': 256, 'hidden_dim': 1024}",0.216538789428815,0.24467178175618073,0.7385959502092196,1.0
"{'lr': 0.0001, 'gamma': 0.1, 'batch_size': 256, 'hidden_dim': 2048}",0.24467178175618073,0.2617220801364024,0.7506026868303172,1.0
"{'lr': 0.0001, 'gamma': 0.5, 'batch_size': 64, 'hidden_dim': 256}",0.216538789428815,0.23955669224211423,0.7473034074758844,1.0
"{'lr': 0.0001, 'gamma': 0.5, 'batch_size': 64, 'hidden_dim': 512}",0.2710997442455243,0.30264279624893436,0.7278725430855121,1.0
"{'lr': 0.0001, 'gamma': 0.5, 'batch_size': 64, 'hidden_dim': 1024}",0.2770673486786019,0.3069053708439898,0.7401714131903968,1.0
"{'lr': 0.0001, 'gamma': 0.5, 'batch_size': 64, 'hidden_dim': 2048}",0.29838022165387895,0.340153452685422,0.7189761675205211,1.0
"{'lr': 0.0001, 'gamma': 0.5, 'batch_size': 128, 'hidden_dim': 256}",0.24893435635123615,0.2728047740835465,0.7394943553911238,1.0
"{'lr': 0.0001, 'gamma': 0.5, 'batch_size': 128, 'hidden_dim': 512}",0.24467178175618073,0.2625745950554135,0.7407092555626953,1.0
"{'lr': 0.0001, 'gamma': 0.5, 'batch_size': 128, 'hidden_dim': 1024}",0.2591645353793691,0.2855924978687127,0.7335890907320198,1.0
"{'lr': 0.0001, 'gamma': 0.5, 'batch_size': 128, 'hidden_dim': 2048}",0.20886615515771526,0.2259164535379369,0.7474756654807587,1.0
"{'lr': 0.0001, 'gamma': 0.5, 'batch_size': 256, 'hidden_dim': 256}",0.226768968456948,0.24552429667519182,0.7483665740975617,1.0
"{'lr': 0.0001, 'gamma': 0.5, 'batch_size': 256, 'hidden_dim': 512}",0.23273657289002558,0.26001705029838024,0.7397324401933367,1.0
"{'lr': 0.0001, 'gamma': 0.5, 'batch_size': 256, 'hidden_dim': 1024}",0.22847399829497017,0.24722932651321397,0.7497861189201732,1.0
"{'lr': 0.0001, 'gamma': 0.5, 'batch_size': 256, 'hidden_dim': 2048}",0.26001705029838024,0.29241261722080136,0.7367446254904139,1.0
"{'lr': 0.0001, 'gamma': 0.9, 'batch_size': 64, 'hidden_dim': 256}",0.21568627450980393,0.23870417732310314,0.7468326080456281,1.0
"{'lr': 0.0001, 'gamma': 0.9, 'batch_size': 64, 'hidden_dim': 512}",0.2659846547314578,0.2949701619778346,0.7354512221038407,1.0
"{'lr': 0.0001, 'gamma': 0.9, 'batch_size': 64, 'hidden_dim': 1024}",0.289002557544757,0.3205456095481671,0.7373110046147361,1.0
"{'lr': 0.0001, 'gamma': 0.9, 'batch_size': 64, 'hidden_dim': 2048}",0.26854219948849106,0.2966751918158568,0.7341381140167885,1.0
"{'lr': 0.0001, 'gamma': 0.9, 'batch_size': 128, 'hidden_dim': 256}",0.2318840579710145,0.25831202046035806,0.7441658632498628,1.0
"{'lr': 0.0001, 'gamma': 0.9, 'batch_size': 128, 'hidden_dim': 512}",0.22762148337595908,0.2421142369991475,0.7492251533943506,1.0
"{'lr': 0.0001, 'gamma': 0.9, 'batch_size': 128, 'hidden_dim': 1024}",0.22932651321398123,0.25234441602728047,0.7372371603215537,1.0
"{'lr': 0.0001, 'gamma': 0.9, 'batch_size': 128, 'hidden_dim': 2048}",0.23017902813299232,0.24467178175618073,0.7551345309670595,1.0
"{'lr': 0.0001, 'gamma': 0.9, 'batch_size': 256, 'hidden_dim': 256}",0.2216538789428815,0.2412617220801364,0.7464379253605815,1.0
"{'lr': 0.0001, 'gamma': 0.9, 'batch_size': 256, 'hidden_dim': 512}",0.23870417732310314,0.26427962489343565,0.7461864248973863,1.0
"{'lr': 0.0001, 'gamma': 0.9, 'batch_size': 256, 'hidden_dim': 1024}",0.20801364023870417,0.236999147485081,0.7357736039086906,1.0
"{'lr': 0.0001, 'gamma': 0.9, 'batch_size': 256, 'hidden_dim': 2048}",0.2259164535379369,0.2549019607843137,0.7272355310876035,1.0
"{'lr': 0.0001, 'gamma': 0.99, 'batch_size': 64, 'hidden_dim': 256}",0.216538789428815,0.23955669224211423,0.7473034074122495,1.0
"{'lr': 0.0001, 'gamma': 0.99, 'batch_size': 64, 'hidden_dim': 512}",0.2693947144075021,0.2915601023017903,0.7357960673237256,1.0
"{'lr': 0.0001, 'gamma': 0.99, 'batch_size': 64, 'hidden_dim': 1024}",0.2659846547314578,0.2872975277067349,0.7447229195825587,1.0
"{'lr': 0.0001, 'gamma': 0.99, 'batch_size': 64, 'hidden_dim': 2048}",0.2659846547314578,0.29411764705882354,0.7279393636702777,1.0
"{'lr': 0.0001, 'gamma': 0.99, 'batch_size': 128, 'hidden_dim': 256}",0.24808184143222506,0.2710997442455243,0.7433246224783422,1.0
"{'lr': 0.0001, 'gamma': 0.99, 'batch_size': 128, 'hidden_dim': 512}",0.23444160272804773,0.24893435635123615,0.7533135844257141,1.0
"{'lr': 0.0001, 'gamma': 0.99, 'batch_size': 128, 'hidden_dim': 1024}",0.24552429667519182,0.26342710997442453,0.7395276481949942,1.0
"{'lr': 0.0001, 'gamma': 0.99, 'batch_size': 128, 'hidden_dim': 2048}",0.226768968456948,0.24040920716112532,0.7584846840621194,1.0
"{'lr': 0.0001, 'gamma': 0.99, 'batch_size': 256, 'hidden_dim': 256}",0.19011082693947143,0.21057118499573743,0.7433374022079411,1.0
"{'lr': 0.0001, 'gamma': 0.99, 'batch_size': 256, 'hidden_dim': 512}",0.23017902813299232,0.24978687127024723,0.7500169703099718,1.0
"{'lr': 0.0001, 'gamma': 0.99, 'batch_size': 256, 'hidden_dim': 1024}",0.22421142369991476,0.2506393861892583,0.7447319757517468,1.0
"{'lr': 0.0001, 'gamma': 0.99, 'batch_size': 256, 'hidden_dim': 2048}",0.24296675191815856,0.25404944586530265,0.7459212903924841,1.0
"{'lr': 5e-05, 'gamma': 0.1, 'batch_size': 64, 'hidden_dim': 256}",0.27024722932651324,0.2958226768968457,0.7363770074764009,1.0
"{'lr': 5e-05, 'gamma': 0.1, 'batch_size': 64, 'hidden_dim': 512}",0.2796248934356351,0.31287297527706737,0.7338229688199928,1.0
"{'lr': 5e-05, 'gamma': 0.1, 'batch_size': 64, 'hidden_dim': 1024}",0.2506393861892583,0.2804774083546462,0.7338044671549874,1.0
"{'lr': 5e-05, 'gamma': 0.1, 'batch_size': 64, 'hidden_dim': 2048}",0.2421142369991475,0.2668371696504689,0.7374357831960892,1.0
"{'lr': 5e-05, 'gamma': 0.1, 'batch_size': 128, 'hidden_dim': 256}",0.2549019607843137,0.27450980392156865,0.7552716080922913,1.0
"{'lr': 5e-05, 'gamma': 0.1, 'batch_size': 128, 'hidden_dim': 512}",0.2608695652173913,0.2932651321398124,0.7311737956488461,1.0
"{'lr': 5e-05, 'gamma': 0.1, 'batch_size': 128, 'hidden_dim': 1024}",0.2728047740835465,0.309462915601023,0.7328598406155015,1.0
"{'lr': 5e-05, 'gamma': 0.1, 'batch_size': 128, 'hidden_dim': 2048}",0.2566069906223359,0.2898550724637681,0.7322534694006289,1.0
"{'lr': 5e-05, 'gamma': 0.1, 'batch_size': 256, 'hidden_dim': 256}",0.22847399829497017,0.24552429667519182,0.7479421308030327,1.0
"{'lr': 5e-05, 'gamma': 0.1, 'batch_size': 256, 'hidden_dim': 512}",0.22762148337595908,0.2514919011082694,0.7489964496741582,1.0
"{'lr': 5e-05, 'gamma': 0.1, 'batch_size': 256, 'hidden_dim': 1024}",0.2412617220801364,0.2608695652173913,0.7428351785378526,1.0
"{'lr': 5e-05, 'gamma': 0.1, 'batch_size': 256, 'hidden_dim': 2048}",0.2071611253196931,0.23273657289002558,0.7400928190462955,1.0
"{'lr': 5e-05, 'gamma': 0.5, 'batch_size': 64, 'hidden_dim': 256}",0.2693947144075021,0.2949701619778346,0.7354471208131661,1.0
"{'lr': 5e-05, 'gamma': 0.5, 'batch_size': 64, 'hidden_dim': 512}",0.2796248934356351,0.31287297527706737,0.7338229672852138,1.0
"{'lr': 5e-05, 'gamma': 0.5, 'batch_size': 64, 'hidden_dim': 1024}",0.27450980392156865,0.30264279624893436,0.7310527771128349,1.0
"{'lr': 5e-05, 'gamma': 0.5, 'batch_size': 64, 'hidden_dim': 2048}",0.23529411764705882,0.2651321398124467,0.7324750127764166,1.0
"{'lr': 5e-05, 'gamma': 0.5, 'batch_size': 128, 'hidden_dim': 256}",0.2549019607843137,0.27450980392156865,0.7552716075369685,1.0
"{'lr': 5e-05, 'gamma': 0.5, 'batch_size': 128, 'hidden_dim': 512}",0.2608695652173913,0.2932651321398124,0.7311737954409229,1.0
"{'lr': 5e-05, 'gamma': 0.5, 'batch_size': 128, 'hidden_dim': 1024}",0.2796248934356351,0.31628303495311166,0.7258695926751103,1.0
"{'lr': 5e-05, 'gamma': 0.5, 'batch_size': 128, 'hidden_dim': 2048}",0.257459505541347,0.28815004262574595,0.7331944605743101,1.0
"{'lr': 5e-05, 'gamma': 0.5, 'batch_size': 256, 'hidden_dim': 256}",0.2216538789428815,0.23870417732310314,0.7507346433170707,1.0
"{'lr': 5e-05, 'gamma': 0.5, 'batch_size': 256, 'hidden_dim': 512}",0.2463768115942029,0.27195225916453536,0.7505444454686503,1.0
"{'lr': 5e-05, 'gamma': 0.5, 'batch_size': 256, 'hidden_dim': 1024}",0.24722932651321397,0.27024722932651324,0.7464207460940574,1.0
"{'lr': 5e-05, 'gamma': 0.5, 'batch_size': 256, 'hidden_dim': 2048}",0.2318840579710145,0.2549019607843137,0.7411576287565562,1.0
"{'lr': 5e-05, 'gamma': 0.9, 'batch_size': 64, 'hidden_dim': 256}",0.27024722932651324,0.2958226768968457,0.7363770071672123,1.0
"{'lr': 5e-05, 'gamma': 0.9, 'batch_size': 64, 'hidden_dim': 512}",0.2796248934356351,0.31287297527706737,0.7338229681378688,1.0
"{'lr': 5e-05, 'gamma': 0.9, 'batch_size': 64, 'hidden_dim': 1024}",0.2531969309462916,0.2830349531116795,0.7375970307741654,1.0
"{'lr': 5e-05, 'gamma': 0.9, 'batch_size': 64, 'hidden_dim': 2048}",0.21142369991474852,0.2318840579710145,0.7375911714521031,1.0
"{'lr': 5e-05, 'gamma': 0.9, 'batch_size': 128, 'hidden_dim': 256}",0.2549019607843137,0.27450980392156865,0.755271606870581,1.0
"{'lr': 5e-05, 'gamma': 0.9, 'batch_size': 128, 'hidden_dim': 512}",0.24552429667519182,0.2770673486786019,0.7306092625857263,1.0
"{'lr': 5e-05, 'gamma': 0.9, 'batch_size': 128, 'hidden_dim': 1024}",0.27365728900255754,0.3103154305200341,0.7317478042919562,1.0
"{'lr': 5e-05, 'gamma': 0.9, 'batch_size': 128, 'hidden_dim': 2048}",0.26001705029838024,0.29752770673486784,0.7279633013738893,1.0
"{'lr': 5e-05, 'gamma': 0.9, 'batch_size': 256, 'hidden_dim': 256}",0.22847399829497017,0.24552429667519182,0.7479421303063274,1.0
"{'lr': 5e-05, 'gamma': 0.9, 'batch_size': 256, 'hidden_dim': 512}",0.24467178175618073,0.2770673486786019,0.7521952862723577,1.0
"{'lr': 5e-05, 'gamma': 0.9, 'batch_size': 256, 'hidden_dim': 1024}",0.2549019607843137,0.28388746803069054,0.7370630932249224,1.0
"{'lr': 5e-05, 'gamma': 0.9, 'batch_size': 256, 'hidden_dim': 2048}",0.19522591645353793,0.22250639386189258,0.7253390286705188,1.0
"{'lr': 5e-05, 'gamma': 0.99, 'batch_size': 64, 'hidden_dim': 256}",0.27024722932651324,0.2958226768968457,0.7363770082236061,1.0
"{'lr': 5e-05, 'gamma': 0.99, 'batch_size': 64, 'hidden_dim': 512}",0.2796248934356351,0.31287297527706737,0.7338229676749989,1.0
"{'lr': 5e-05, 'gamma': 0.99, 'batch_size': 64, 'hidden_dim': 1024}",0.257459505541347,0.289002557544757,0.733665704029822,1.0
"{'lr': 5e-05, 'gamma': 0.99, 'batch_size': 64, 'hidden_dim': 2048}",0.22506393861892582,0.24893435635123615,0.7385700541653986,1.0
"{'lr': 5e-05, 'gamma': 0.99, 'batch_size': 128, 'hidden_dim': 256}",0.2549019607843137,0.27450980392156865,0.7552716076202669,1.0
"{'lr': 5e-05, 'gamma': 0.99, 'batch_size': 128, 'hidden_dim': 512}",0.24552429667519182,0.2770673486786019,0.7306092637961592,1.0
"{'lr': 5e-05, 'gamma': 0.99, 'batch_size': 128, 'hidden_dim': 1024}",0.2549019607843137,0.2872975277067349,0.732194538691965,1.0
"{'lr': 5e-05, 'gamma': 0.99, 'batch_size': 128, 'hidden_dim': 2048}",0.257459505541347,0.2958226768968457,0.7260237719175676,1.0
"{'lr': 5e-05, 'gamma': 0.99, 'batch_size': 256, 'hidden_dim': 256}",0.226768968456948,0.24808184143222506,0.7437147040482819,1.0
"{'lr': 5e-05, 'gamma': 0.99, 'batch_size': 256, 'hidden_dim': 512}",0.24893435635123615,0.2753623188405797,0.7521199162251131,1.0
"{'lr': 5e-05, 'gamma': 0.99, 'batch_size': 256, 'hidden_dim': 1024}",0.236999147485081,0.2566069906223359,0.7445988858439525,1.0
"{'lr': 5e-05, 'gamma': 0.99, 'batch_size': 256, 'hidden_dim': 2048}",0.18073316283034954,0.20460358056265984,0.7354236732638773,1.0
